{
  "n_rows": 17424,
  "per_model": {
    "hash-det:qh-cross-v1": {
      "random": {
        "n": 1936,
        "n_binary": 1191,
        "accuracy": 0.3352272727272727,
        "auroc_contradicting_vs_coherent": 0.49637818643136683,
        "ece_contradicting": 0.25367729747907375
      },
      "cosine": {
        "n": 1936,
        "n_binary": 1191,
        "accuracy": 0.37913223140495866,
        "auroc_contradicting_vs_coherent": 0.38768838244538967,
        "ece_contradicting": 0.4382193564812562
      },
      "contradiction_geometry": {
        "n": 1936,
        "n_binary": 1191,
        "accuracy": 0.28770661157024796,
        "auroc_contradicting_vs_coherent": 0.610075947646529,
        "ece_contradicting": 0.3120498769383394
      }
    },
    "st:BAAI/bge-large-en-v1.5": {
      "random": {
        "n": 1936,
        "n_binary": 1191,
        "accuracy": 0.3352272727272727,
        "auroc_contradicting_vs_coherent": 0.49637818643136683,
        "ece_contradicting": 0.25367729747907375
      },
      "cosine": {
        "n": 1936,
        "n_binary": 1191,
        "accuracy": 0.3274793388429752,
        "auroc_contradicting_vs_coherent": 0.5,
        "ece_contradicting": 0.46767422334172964
      },
      "contradiction_geometry": {
        "n": 1936,
        "n_binary": 1191,
        "accuracy": 0.40960743801652894,
        "auroc_contradicting_vs_coherent": 0.5641109141468772,
        "ece_contradicting": 0.2586348988271087
      }
    },
    "st:sentence-transformers/all-MiniLM-L6-v2": {
      "random": {
        "n": 1936,
        "n_binary": 1191,
        "accuracy": 0.3352272727272727,
        "auroc_contradicting_vs_coherent": 0.49637818643136683,
        "ece_contradicting": 0.25367729747907375
      },
      "cosine": {
        "n": 1936,
        "n_binary": 1191,
        "accuracy": 0.40547520661157027,
        "auroc_contradicting_vs_coherent": 0.4982216583885053,
        "ece_contradicting": 0.4666038758936892
      },
      "contradiction_geometry": {
        "n": 1936,
        "n_binary": 1191,
        "accuracy": 0.39514462809917356,
        "auroc_contradicting_vs_coherent": 0.6093453550736544,
        "ece_contradicting": 0.25129499690792756
      }
    }
  },
  "per_domain": {
    "hash-det:qh-cross-v1": {
      "random": {
        "physics": 0.35854616895874264,
        "economics": 0.29442508710801396,
        "ethics": 0.33430232558139533
      },
      "cosine": {
        "physics": 0.40962671905697445,
        "economics": 0.34494773519163763,
        "ethics": 0.34593023255813954
      },
      "contradiction_geometry": {
        "physics": 0.28978388998035365,
        "economics": 0.259581881533101,
        "ethics": 0.32848837209302323
      }
    },
    "st:BAAI/bge-large-en-v1.5": {
      "random": {
        "physics": 0.35854616895874264,
        "economics": 0.29442508710801396,
        "ethics": 0.33430232558139533
      },
      "cosine": {
        "physics": 0.31335952848722987,
        "economics": 0.29094076655052264,
        "ethics": 0.43023255813953487
      },
      "contradiction_geometry": {
        "physics": 0.4449901768172888,
        "economics": 0.44947735191637633,
        "ethics": 0.23837209302325582
      }
    },
    "st:sentence-transformers/all-MiniLM-L6-v2": {
      "random": {
        "physics": 0.35854616895874264,
        "economics": 0.29442508710801396,
        "ethics": 0.33430232558139533
      },
      "cosine": {
        "physics": 0.3664047151277014,
        "economics": 0.42857142857142855,
        "ethics": 0.48255813953488375
      },
      "contradiction_geometry": {
        "physics": 0.4056974459724951,
        "economics": 0.46689895470383275,
        "ethics": 0.2441860465116279
      }
    }
  },
  "agreement_models": [
    "hash-det:qh-cross-v1",
    "st:BAAI/bge-large-en-v1.5",
    "st:sentence-transformers/all-MiniLM-L6-v2"
  ],
  "agreement_matrix": [
    [
      1.0,
      0.0,
      0.0
    ],
    [
      0.0,
      1.0,
      1.0
    ],
    [
      0.0,
      1.0,
      1.0
    ]
  ],
  "stat_test": {
    "method": "permutation_within_item",
    "statistic": 37.54490983018824,
    "p_value": 0.0004997501249375312,
    "notes": "mixed-effects unavailable (ModuleNotFoundError); F-statistic of correctness across models, with model labels permuted within each item; controls for item and domain effects.",
    "n_observations": 5808,
    "n_models": 3
  },
  "geometry_losses": [],
  "figures": {
    "bars": "/Users/michaelquintin/Desktop/Theseus/docs/research/figures/cross_model/cross_model_bars.png",
    "agreement": "/Users/michaelquintin/Desktop/Theseus/docs/research/figures/cross_model/cross_model_agreement.png"
  },
  "probe_vs_cosine": {
    "method": "permutation_paired_sign_flip_domain_stratified",
    "statistic": -0.03167729007407756,
    "p_value": 0.9966006798640272,
    "notes": "One-sided paired sign-flip permutation test (5000 resamples, seed 17). Statistic is the domain-averaged mean of (geometry correct - cosine correct); positive favours the firm probe. Stratified across 3 domains so each weighs equally. statsmodels not installed; the permutation test is the result.",
    "n_observations": 5808,
    "n_models": 3,
    "n_domains": 3,
    "domain_deltas": {
      "economics": 0.03716608594657375,
      "ethics": -0.14922480620155038,
      "physics": 0.017026850032743943
    },
    "mean_delta_unstratified": -0.0065426997245179065
  }
}