{
  "hoyer_sparsity": {
    "contradiction": {
      "mean": 0.22624821521683355,
      "std": 0.011524286324388797
    },
    "entailment": {
      "mean": 0.2243984793284314,
      "std": 0.011529293016662999
    },
    "neutral": {
      "mean": 0.2287379367079875,
      "std": 0.010473896551875616
    }
  },
  "tests": {
    "contra_vs_entail_U": 1654.0,
    "contra_vs_entail_p": 0.09093272087365878,
    "contra_sparser_than_entail": true,
    "contra_vs_neutral_U": 1310.0,
    "contra_vs_neutral_p": 0.7784009813157097
  },
  "pca": {
    "n_components_90pct": 42,
    "top_10_variance": 0.49358880519866943,
    "top_20_variance": 0.6835029125213623,
    "total_dimensions": 70
  },
  "signal_concentration": {
    "top_20_dims": [
      299,
      286,
      195,
      319,
      651,
      554,
      113,
      358,
      418,
      336,
      277,
      258,
      528,
      394,
      270,
      58,
      237,
      538,
      638,
      739
    ],
    "top_20_ratios": [
      1.8953567743301392,
      1.786726713180542,
      1.7348302602767944,
      1.7032718658447266,
      1.6980464458465576,
      1.6199570894241333,
      1.5591994524002075,
      1.5212663412094116,
      1.5071656703948975,
      1.5053483247756958,
      1.4874130487442017,
      1.4833885431289673,
      1.479915976524353,
      1.4772307872772217,
      1.4717767238616943,
      1.4689539670944214,
      1.4598535299301147,
      1.4593217372894287,
      1.4587844610214233,
      1.4574131965637207
    ],
    "contra_mean_abs_diff": 0.023729512467980385,
    "entail_mean_abs_diff": 0.023472798988223076
  }
}