{
  "pairs": [
    {
      "original": "The door is open.",
      "styles": {
        "simple": {
          "sentence": "The door is not open.",
          "cosine_sim": 0.8936924934387207,
          "hoyer_sparsity": 0.21635975850672665,
          "l2_distance": 0.4611021876335144
        },
        "antonym": {
          "sentence": "The door is closed.",
          "cosine_sim": 0.6579915285110474,
          "hoyer_sparsity": 0.21396522057697273,
          "l2_distance": 0.8270532488822937
        },
        "indirect": {
          "sentence": "The door is shut tight.",
          "cosine_sim": 0.5408092141151428,
          "hoyer_sparsity": 0.22927524034372607,
          "l2_distance": 0.9583223462104797
        },
        "scalar": {
          "sentence": "The door is barely ajar.",
          "cosine_sim": 0.7556924819946289,
          "hoyer_sparsity": 0.21676189464760137,
          "l2_distance": 0.6990099549293518
        },
        "modal": {
          "sentence": "The door cannot be open.",
          "cosine_sim": 0.6045937538146973,
          "hoyer_sparsity": 0.21216831750146617,
          "l2_distance": 0.8892765045166016
        },
        "quantifier": {
          "sentence": "No door in this building is open.",
          "cosine_sim": 0.43846869468688965,
          "hoyer_sparsity": 0.22313516698395355,
          "l2_distance": 1.059746503829956
        }
      }
    },
    {
      "original": "The economy is growing.",
      "styles": {
        "simple": {
          "sentence": "The economy is not growing.",
          "cosine_sim": 0.6324809789657593,
          "hoyer_sparsity": 0.2369061877485028,
          "l2_distance": 0.8573436737060547
        },
        "antonym": {
          "sentence": "The economy is shrinking.",
          "cosine_sim": 0.6004505753517151,
          "hoyer_sparsity": 0.24142614941856524,
          "l2_distance": 0.8939233422279358
        },
        "indirect": {
          "sentence": "The economy is in recession.",
          "cosine_sim": 0.6249503493309021,
          "hoyer_sparsity": 0.22871402051644,
          "l2_distance": 0.8660827875137329
        },
        "scalar": {
          "sentence": "The economy is stagnant.",
          "cosine_sim": 0.5696905255317688,
          "hoyer_sparsity": 0.23450108232072872,
          "l2_distance": 0.9276955127716064
        },
        "modal": {
          "sentence": "The economy cannot grow.",
          "cosine_sim": 0.5054091215133667,
          "hoyer_sparsity": 0.22548779193169516,
          "l2_distance": 0.9945762753486633
        },
        "quantifier": {
          "sentence": "No sector of the economy is growing.",
          "cosine_sim": 0.4041628837585449,
          "hoyer_sparsity": 0.21777030528637506,
          "l2_distance": 1.0916383266448975
        }
      }
    },
    {
      "original": "She is happy.",
      "styles": {
        "simple": {
          "sentence": "She is not happy.",
          "cosine_sim": 0.5112990140914917,
          "hoyer_sparsity": 0.20595705633408498,
          "l2_distance": 0.9886363744735718
        },
        "antonym": {
          "sentence": "She is sad.",
          "cosine_sim": 0.47408390045166016,
          "hoyer_sparsity": 0.22153669010437932,
          "l2_distance": 1.025588870048523
        },
        "indirect": {
          "sentence": "She is in distress.",
          "cosine_sim": 0.37255966663360596,
          "hoyer_sparsity": 0.22253503305922842,
          "l2_distance": 1.120214581489563
        },
        "scalar": {
          "sentence": "She is slightly content.",
          "cosine_sim": 0.8690192103385925,
          "hoyer_sparsity": 0.2193864898653344,
          "l2_distance": 0.5118218064308167
        },
        "modal": {
          "sentence": "She cannot be happy.",
          "cosine_sim": 0.45099878311157227,
          "hoyer_sparsity": 0.2160520872299104,
          "l2_distance": 1.047856092453003
        },
        "quantifier": {
          "sentence": "Nobody in her family is happy.",
          "cosine_sim": 0.2317049503326416,
          "hoyer_sparsity": 0.20851667571939686,
          "l2_distance": 1.2395926713943481
        }
      }
    },
    {
      "original": "The experiment succeeded.",
      "styles": {
        "simple": {
          "sentence": "The experiment did not succeed.",
          "cosine_sim": 0.6162176728248596,
          "hoyer_sparsity": 0.21653140894754036,
          "l2_distance": 0.8761076927185059
        },
        "antonym": {
          "sentence": "The experiment failed.",
          "cosine_sim": 0.6238649487495422,
          "hoyer_sparsity": 0.21413144446474905,
          "l2_distance": 0.8673350811004639
        },
        "indirect": {
          "sentence": "The experiment produced no usable results.",
          "cosine_sim": 0.4914672374725342,
          "hoyer_sparsity": 0.21471429910217096,
          "l2_distance": 1.008496642112732
        },
        "scalar": {
          "sentence": "The experiment barely produced results.",
          "cosine_sim": 0.5611644983291626,
          "hoyer_sparsity": 0.22469894248489408,
          "l2_distance": 0.9368410110473633
        },
        "modal": {
          "sentence": "The experiment could not succeed.",
          "cosine_sim": 0.5214640498161316,
          "hoyer_sparsity": 0.21245492518425577,
          "l2_distance": 0.9783005714416504
        },
        "quantifier": {
          "sentence": "None of the experiments succeeded.",
          "cosine_sim": 0.4280061721801758,
          "hoyer_sparsity": 0.22030807565551017,
          "l2_distance": 1.0695736408233643
        }
      }
    },
    {
      "original": "The government supports free trade.",
      "styles": {
        "simple": {
          "sentence": "The government does not support free trade.",
          "cosine_sim": 0.5697212219238281,
          "hoyer_sparsity": 0.2205495572656732,
          "l2_distance": 0.9276624321937561
        },
        "antonym": {
          "sentence": "The government opposes free trade.",
          "cosine_sim": 0.6072930693626404,
          "hoyer_sparsity": 0.21958470185522577,
          "l2_distance": 0.886235773563385
        },
        "indirect": {
          "sentence": "The government has imposed tariffs and trade barriers.",
          "cosine_sim": 0.6445315480232239,
          "hoyer_sparsity": 0.24315007963612187,
          "l2_distance": 0.8431706428527832
        },
        "scalar": {
          "sentence": "The government is ambivalent about free trade.",
          "cosine_sim": 0.6464263796806335,
          "hoyer_sparsity": 0.23081888047681737,
          "l2_distance": 0.8409203886985779
        },
        "modal": {
          "sentence": "The government cannot support free trade.",
          "cosine_sim": 0.5318720936775208,
          "hoyer_sparsity": 0.22484981493973574,
          "l2_distance": 0.9676032066345215
        },
        "quantifier": {
          "sentence": "No government supports free trade.",
          "cosine_sim": 0.6926847696304321,
          "hoyer_sparsity": 0.221454220778614,
          "l2_distance": 0.7839837074279785
        }
      }
    },
    {
      "original": "Private property is sacred.",
      "styles": {
        "simple": {
          "sentence": "Private property is not sacred.",
          "cosine_sim": 0.9691575169563293,
          "hoyer_sparsity": 0.2242803124788663,
          "l2_distance": 0.24836495518684387
        },
        "antonym": {
          "sentence": "Private property is illegitimate.",
          "cosine_sim": 0.7040539383888245,
          "hoyer_sparsity": 0.2398960042660537,
          "l2_distance": 0.7693453431129456
        },
        "indirect": {
          "sentence": "Property claims are social constructs with no inherent sanctity.",
          "cosine_sim": 0.5832757949829102,
          "hoyer_sparsity": 0.23260614428048124,
          "l2_distance": 0.9129340052604675
        },