{
  "subspace_dims": {
    "1": {
      "mean_f1": 0.3003478260869565,
      "std_f1": 0.190561085770962,
      "variance_explained": 0.0522388219833374
    },
    "2": {
      "mean_f1": 0.45313876088069627,
      "std_f1": 0.2693058546540611,
      "variance_explained": 0.09518153965473175
    },
    "3": {
      "mean_f1": 0.4548556173041298,
      "std_f1": 0.22081196443638962,
      "variance_explained": 0.1322741061449051
    },
    "5": {
      "mean_f1": 0.3724047088177523,
      "std_f1": 0.17837566160664528,
      "variance_explained": 0.19639089703559875
    },
    "10": {
      "mean_f1": 0.4151321398124467,
      "std_f1": 0.1841177834406337,
      "variance_explained": 0.31633663177490234
    },
    "20": {
      "mean_f1": 0.4977762022923313,
      "std_f1": 0.17652875665176684,
      "variance_explained": 0.48362699151039124
    },
    "50": {
      "mean_f1": 0.5388940092165899,
      "std_f1": 0.0812382356219538,
      "variance_explained": 0.764517068862915
    }
  },
  "full_space_f1": {
    "mean": 0.5925254286544609,
    "std": 0.10834854199856996
  },
  "minimum_useful_dims": 50
}