{
  "levels": {
    "0": {
      "n": 8,
      "c_hat_mean": 0.05466281622648239,
      "c_hat_std": 0.021329613402485847,
      "c_hat_lr_mean": 0.02893991644825968,
      "c_hat_lr_std": 0.02378808730564038,
      "cosine_mean": 0.7048987150192261,
      "hoyer_mean": 0.22904373716497053,
      "l2_mean": 0.7600811719894409
    },
    "1": {
      "n": 8,
      "c_hat_mean": 0.23116451501846313,
      "c_hat_std": 0.1337289810180664,
      "c_hat_lr_mean": 0.17488982235626704,
      "c_hat_lr_std": 0.10313521390929135,
      "cosine_mean": 0.5357457399368286,
      "hoyer_mean": 0.22353262629293422,
      "l2_mean": 0.9548118114471436
    },
    "2": {
      "n": 8,
      "c_hat_mean": 0.20940108597278595,
      "c_hat_std": 0.11651481688022614,
      "c_hat_lr_mean": 0.16387592135123175,
      "c_hat_lr_std": 0.09279440654776992,
      "cosine_mean": 0.5486417412757874,
      "hoyer_mean": 0.22384223434937073,
      "l2_mean": 0.944324791431427
    },
    "3": {
      "n": 8,
      "c_hat_mean": 0.20118099451065063,
      "c_hat_std": 0.12608502805233002,
      "c_hat_lr_mean": 0.14907390031272544,
      "c_hat_lr_std": 0.09689666251256067,
      "cosine_mean": 0.5293145179748535,
      "hoyer_mean": 0.2296919246448819,
      "l2_mean": 0.9542514085769653
    },
    "4": {
      "n": 8,
      "c_hat_mean": 0.14320552349090576,
      "c_hat_std": 0.04819604754447937,
      "c_hat_lr_mean": 0.07338108666053514,
      "c_hat_lr_std": 0.03729425892557339,
      "cosine_mean": 0.5663100481033325,
      "hoyer_mean": 0.23349271630821355,
      "l2_mean": 0.9212023019790649
    }
  },
  "correlations": {
    "c_hat_vs_intensity": {
      "r": 0.1753211378697238,
      "p": 0.27921897922806455
    },
    "c_hat_lr_vs_intensity": {
      "r": 0.09216597581391411,
      "p": 0.5716446728837957
    },
    "cosine_vs_intensity": {
      "r": -0.29015504697313,
      "p": 0.06933888806558286
    },
    "hoyer_vs_intensity": {
      "r": 0.2251274730793385,
      "p": 0.16250818520410087
    },
    "l2_vs_intensity": {
      "r": 0.29672445828315264,
      "p": 0.06299016345468009
    }
  },
  "monotonically_increasing": false
}