{
  "benchmark_version": "qh-v1",
  "runner": "cosine",
  "embedder": "hash-det-v1",
  "git_sha": "0034929158a42e4e536d85efd41ab22721c7ca50",
  "timestamp_utc": "2026-05-15T04:26:42Z",
  "n_items": 1936,
  "seed": 0,
  "metrics": {
    "n": 1936,
    "accuracy": 0.3672520661157025,
    "auroc_contradicting_vs_coherent": 0.3986826679654979,
    "ece_contradicting": 0.3964024388440697,
    "by_domain": {
      "economics": {
        "n": 574,
        "accuracy": 0.4094076655052265,
        "auroc_contradicting_vs_coherent": 0.5044005947835872
      },
      "ethics": {
        "n": 344,
        "accuracy": 0.18895348837209303,
        "auroc_contradicting_vs_coherent": 0.5123774216694571
      },
      "physics": {
        "n": 1018,
        "accuracy": 0.4037328094302554,
        "auroc_contradicting_vs_coherent": 0.36067690345890235
      }
    },
    "confusion": {
      "coherent": {
        "orthogonal": 338,
        "coherent": 285,
        "contradicting": 11
      },
      "contradicting": {
        "coherent": 359,
        "orthogonal": 194,
        "contradicting": 4
      },
      "orthogonal": {
        "orthogonal": 422,
        "coherent": 222,
        "contradicting": 101
      }
    },
    "latency_ms_p50": 0.003458932042121887,
    "latency_ms_p95": 0.003583962097764015,
    "label_distribution": {
      "coherent": 634,
      "contradicting": 557,
      "orthogonal": 745
    },
    "predicted_distribution": {
      "orthogonal": 954,
      "coherent": 866,
      "contradicting": 116
    }
  }
}